,RMSE,MAE,MAPE,R2,MBD
lightgbm,563.0972522061761,531.1443967250375,9.091000436486338,-0.3876117215459993,-524.9099535088822
random_forest,855.6056730410742,738.3259010051406,12.507576052300118,-2.203675017423077,-730.8045201185964
xgboost,813.1887463038437,776.1753698730469,13.325384501757176,-1.8939022886424937,-776.1753698730469
